Movie ID,movie_facebook_likes
M001,33000
M002,0
M003,85000
M004,164000
M005,0
M006,24000
M007,0
M008,29000
M009,118000
M010,10000
M011,197000
M012,0
M013,0
M014,5000
M015,48000
M016,118000
M017,0
M018,123000
M019,58000
M020,40000
M021,65000
M022,56000
M023,17000
M024,83000
M025,0
M026,0
M027,26000
M028,72000
M029,44000
M030,150000
M031,80000
M032,0
M033,95000
M034,24000
M035,0
M036,44000
M037,0
M038,56000
M039,60000
M040,41000
M041,30000
M042,10000
M043,24000
M044,30000
M045,0
M046,94000
M047,129000
M048,82000
M049,92000
M050,22000
M051,115000
M052,23000
M053,83000
M054,46000
M055,5000
M056,20000
M057,39000
M058,30000
M059,16000
M060,0
M061,13000
M062,0
M063,44000
M064,29000
M065,0
M066,54000
M067,37000
M068,27000
M069,0
M070,10000
M071,42000
M072,0
M073,0
M074,80000
M075,2000
M076,77000
M077,0
M078,0
M079,118000
M080,65000
M081,18000
M082,53000
M083,89000
M084,45000
M085,677
M086,35000
M087,55000
M088,0
M089,37000
M090,41000
M091,40000
M092,10000
M093,67000
M094,33000
M095,0
M096,96000
M097,349000
M098,175000
M099,0
M100,166000
M101,14000
M102,23000
M103,54000
M104,38000
M105,11000
M106,0
M107,30000
M108,0
M109,89000
M110,82000
M111,11000
M112,0
M113,8000
M114,0
M115,0
M116,0
M117,0
M118,11000
M119,0
M120,10000
M121,15000
M122,0
M123,2000
M124,0
M125,0
M126,58000
M127,0
M128,63000
M129,191000
M130,0
M131,63000
M132,0
M133,0
M134,19000
M135,82000
M136,47000
M137,0
M138,29000
M139,0
M140,20000
M141,18000
M142,0
M143,33000
M144,0
M145,0
M146,24000
M147,11000
M148,0
M149,17000
M150,0
M151,62000
M152,11000
M153,2000
M154,3000
M155,24000
M156,35000
M157,25000
M158,2000
M159,0
M160,51000
M161,19000
M162,5000
M163,46000
M164,24000
M165,0
M166,18000
M167,0
M168,0
M169,42000
M170,0
M171,0
M172,46000
M173,2000
M174,0
M175,65000
M176,0
M177,0
M178,0
M179,27000
M180,190000
M181,13000
M182,26000
M183,11000
M184,0
M185,6000
M186,61000
M187,82000
M188,65000
M189,26000
M190,0
M191,0
M192,16000
M193,23000
M194,71000
M195,44000
M196,11000
M197,0
M198,37000
M199,0
M200,40
M201,11000
M202,13000
M203,16000
M204,20000
M205,0
M206,10000
M207,25
M208,52000
M209,0
M210,0
M211,0
M212,54000
M213,39000
M214,15000
M215,0
M216,0
M217,31000
M218,0
M219,0
M220,19000
M221,0
M222,0
M223,0
M224,122000
M225,0
M226,31000
M227,0
M228,97000
M229,459
M230,61000
M231,0
M232,60000
M233,0
M234,0
M235,11000
M236,71000
M237,10000
M238,0
M239,0
M240,68000
M241,13000
M242,28000
M243,291
M244,0
M245,16000
M246,62000
M247,147000
M248,0
M249,12000
M250,41000
M251,3000
M252,52000
M253,0
M254,4000
M255,0
M256,0
M257,27000
M258,0
M259,0
M260,14000
M261,0
M262,71000
M263,31000
M264,304
M265,12000
M266,36000
M267,0
M268,894
M269,123000
M270,0
M271,21000
M272,0
M273,0
M274,946
M275,0
M276,0
M277,0
M278,5000
M279,153000
M280,0
M281,0
M282,53
M283,0
M284,21000
M285,0
M286,0
M287,0
M288,0
M289,13000
M290,0
M291,0
M292,0
M293,0
M294,0
M295,16000
M296,0
M297,199000
M298,0
M299,0
M300,108000
M301,0
M302,0
M303,11000
M304,24000
M305,17000
M306,25000
M307,2000
M308,14000
M309,138000
M310,0
M311,0
M312,124000
M313,16000
M314,0
M315,21000
M316,0
M317,0
M318,56000
M319,37000
M320,881
M321,27000
M322,416
M323,0
M324,33000
M325,578
M326,0
M327,0
M328,13000
M329,0
M330,0
M331,10000
M332,18000
M333,18000
M334,0
M335,0
M336,14000
M337,56000
M338,16000
M339,11000
M340,16000
M341,10000
M342,16000
M343,0
M344,37000
M345,0
M346,47000
M347,0
M348,66000
M349,701
M350,0
M351,1000
M352,9000
M353,0
M354,0
M355,18000
M356,0
M357,0
M358,0
M359,0
M360,70000
M361,0
M362,29000
M363,12000
M364,0
M365,54000
M366,0
M367,20000
M368,0
M369,0
M370,0
M371,0
M372,0
M373,39000
M374,11000
M375,988
M376,15000
M377,0
M378,0
M379,28000
M380,0
M381,15000
M382,0
M383,0
M384,0
M385,19000
M386,0
M387,2000
M388,979
M389,0
M390,41000
M391,0
M392,0
M393,788
M394,0
M395,0
M396,14000
M397,23000
M398,0
M399,0
M400,0
M401,0
M402,19000
M403,28000
M404,0
M405,59000
M406,19000
M407,372
M408,0
M409,19000
M410,0
M411,0
M412,0
M413,863
M414,49000
M415,0
M416,0
M417,0
M418,0
M419,0
M420,0
M421,10000
M422,941
M423,0
M424,18000
M425,36000
M426,0
M427,374
M428,0
M429,46000
M430,7000
M431,0
M432,0
M433,0
M434,3000
M435,12000
M436,0
M437,0
M438,57000
M439,0
M440,140000
M441,56000
M442,0
M443,0
M444,0
M445,0
M446,0
M447,22000
M448,0
M449,0
M450,14000
M451,0
M452,0
M453,53000
M454,0
M455,0
M456,11000
M457,0
M458,0
M459,19000
M460,55000
M461,0
M462,0
M463,0
M464,20000
M465,0
M466,0
M467,0
M468,0
M469,0
M470,0
M471,82000
M472,0
M473,0
M474,4000
M475,0
M476,0
M477,0
M478,91
M479,16000
M480,0
M481,607
M482,3000
M483,0
M484,0
M485,951
M486,32000
M487,0
M488,0
M489,0
M490,257
M491,0
M492,0
M493,0
M494,0
M495,0
M496,0
M497,665
M498,0
M499,0
M500,0
M501,964
M502,21000
M503,995
M504,941
M505,0
M506,785
M507,20000
M508,138
M509,29000
M510,17000
M511,0
M512,15000
M513,0
M514,0
M515,0
M516,0
M517,31000
M518,0
M519,413
M520,36000
M521,0
M522,56000
M523,16000
M524,0
M525,0
M526,17000
M527,0
M528,0
M529,51000
M530,0
M531,11000
M532,0
M533,893
M534,509
M535,105000
M536,12000
M537,16000
M538,10000
M539,1000
M540,0
M541,0
M542,0
M543,0
M544,0
M545,0
M546,0
M547,0
M548,0
M549,43000
M550,0
M551,0
M552,0
M553,0
M554,0
M555,30000
M556,0
M557,0
M558,648
M559,0
M560,0
M561,683
M562,1000
M563,0
M564,70000
M565,42000
M566,880
M567,0
M568,14000
M569,0
M570,0
M571,0
M572,0
M573,266
M574,17000
M575,0
M576,0
M577,0
M578,886
M579,2000
M580,0
M581,694
M582,0
M583,0
M584,0
M585,0
M586,10000
M587,16000
M588,1000
M589,42000
M590,13000
M591,21000
M592,0
M593,0
M594,14000
M595,0
M596,0
M597,0
M598,2000
M599,5000
M600,45000
M601,1000
M602,25000
M603,26000
M604,0
M605,28000
M606,34000
M607,0
M608,13000
M609,37000
M610,0
M611,15000
M612,0
M613,0
M614,792
M615,0
M616,531
M617,24000
M618,33000
M619,997
M620,17000
M621,584
M622,391
M623,815
M624,2000
M625,5000
M626,11000
M627,0
M628,764
M629,34000
M630,12000
M631,0
M632,29000
M633,0
M634,31000
M635,617
M636,30000
M637,29000
M638,0
M639,10000
M640,0
M641,12000
M642,0
M643,0
M644,98000
M645,0
M646,0
M647,0
M648,0
M649,22000
M650,32000
M651,0
M652,3000
M653,4000
M654,71000
M655,25000
M656,5000
M657,0
M658,1000
M659,144000
M660,0
M661,0
M662,0
M663,25000
M664,35000
M665,0
M666,0
M667,0
M668,0
M669,0
M670,0
M671,59000
M672,10000
M673,16000
M674,23000
M675,18000
M676,0
M677,0
M678,688
M679,32000
M680,0
M681,4000
M682,892
M683,0
M684,48000
M685,0
M686,0
M687,0
M688,177
M689,15000
M690,0
M691,0
M692,32000
M693,295
M694,40000
M695,26000
M696,0
M697,0
M698,19000
M699,0
M700,0
M701,0
M702,0
M703,0
M704,0
M705,0
M706,0
M707,114000
M708,0
M709,0
M710,13000
M711,0
M712,11000
M713,30000
M714,0
M715,912
M716,146000
M717,0
M718,0
M719,885
M720,18000
M721,0
M722,886
M723,22000
M724,0
M725,0
M726,0
M727,0
M728,0
M729,0
M730,781
M731,24000
M732,26000
M733,0
M734,32000
M735,0
M736,0
M737,0
M738,0
M739,0
M740,38000
M741,0
M742,0
M743,42000
M744,858
M745,10000
M746,6000
M747,14000
M748,747
M749,0
M750,0
M751,0
M752,1000
M753,12000
M754,0
M755,0
M756,829
M757,0
M758,0
M759,797
M760,1000
M761,17000
M762,24000
M763,28000
M764,0
M765,0
M766,11000
M767,0
M768,64000
M769,621
M770,0
M771,40000
M772,0
M773,23000
M774,0
M775,0
M776,448
M777,690
M778,0
M779,0
M780,0
M781,11000
M782,0
M783,956
M784,846
M785,0
M786,0
M787,0
M788,0
M789,15000
M790,470
M791,0
M792,20000
M793,880
M794,10000
M795,123000
M796,0
M797,0
M798,2000
M799,0
M800,589
M801,17000
M802,44000
M803,791
M804,0
M805,641
M806,0
M807,2000
M808,12000
M809,0
M810,0
M811,426
M812,0
M813,117000
M814,296
M815,112000
M816,35000
M817,990
M818,0
M819,500
M820,2000
M821,472
M822,0
M823,0
M824,22000
M825,19000
M826,0
M827,0
M828,11000
M829,12000
M830,0
M831,782
M832,18000
M833,0
M834,0
M835,0
M836,0
M837,59000
M838,0
M839,0
M840,0
M841,0
M842,960
M843,0
M844,5000
M845,0
M846,65000
M847,0
M848,0
M849,56000
M850,0
M851,0
M852,32000
M853,0
M854,0
M855,0
M856,13000
M857,0
M858,0
M859,0
M860,0
M861,8000
M862,0
M863,0
M864,14000
M865,0
M866,0
M867,0
M868,0
M869,0
M870,0
M871,30000
M872,15000
M873,0
M874,0
M875,0
M876,0
M877,0
M878,14000
M879,1000
M880,0
M881,0
M882,0
M883,0
M884,953
M885,316
M886,610
M887,10000
M888,437
M889,19000
M890,0
M891,0
M892,448
M893,0
M894,26000
M895,10000
M896,0
M897,0
M898,0
M899,0
M900,2000
M901,0
M902,0
M903,0
M904,10000
M905,361
M906,44000
M907,0
M908,21000
M909,0
M910,853
M911,672
M912,15000
M913,39000
M914,0
M915,10000
M916,9000
M917,0
M918,0
M919,13000
M920,0
M921,11000
M922,0
M923,846
M924,0
M925,605
M926,1000
M927,13000
M928,0
M929,36000
M930,0
M931,0
M932,74000
M933,11000
M934,0
M935,41000
M936,0
M937,37000
M938,0
M939,0
M940,24000
M941,11000
M942,0
M943,10000
M944,0
M945,13000
M946,90000
M947,0
M948,0
M949,0
M950,22000
M951,0
M952,2000
M953,0
M954,44000
M955,795
M956,0
M957,27000
M958,0
M959,24000
M960,0
M961,48000
M962,955
M963,0
M964,624
M965,1000
M966,970
M967,45000
M968,0
M969,27000
M970,0
M971,44000
M972,18000
M973,773
M974,1000
M975,2000
M976,25000
M977,0
M978,0
M979,39000
M980,3000
M981,15000
M982,669
M983,0
M984,47000
M985,0
M986,0
M987,0
M988,1000
M989,812
M990,0
M991,0
M992,718
M993,0
M994,0
M995,361
M996,877
M997,0
M998,16000
M999,0
M1000,0
M1001,3000
M1002,0
M1003,43000
M1004,0
M1005,705
M1006,0
M1007,0
M1008,915
M1009,0
M1010,0
M1011,10000
M1012,0
M1013,779
M1014,15000
M1015,0
M1016,0
M1017,0
M1018,18000
M1019,0
M1020,697
M1021,0
M1022,943
M1023,9000
M1024,0
M1025,0
M1026,422
M1027,0
M1028,14000
M1029,0
M1030,28000
M1031,288
M1032,255
M1033,15000
M1034,0
M1035,0
M1036,31000
M1037,2000
M1038,21000
M1039,0
M1040,0
M1041,36000
M1042,67000
M1043,0
M1044,0
M1045,352
M1046,3000
M1047,18000
M1048,0
M1049,0
M1050,0
M1051,0
M1052,828
M1053,0
M1054,38000
M1055,0
M1056,0
M1057,522
M1058,2000
M1059,0
M1060,0
M1061,0
M1062,0
M1063,261
M1064,616
M1065,0
M1066,881
M1067,0
M1068,3000
M1069,0
M1070,975
M1071,0
M1072,0
M1073,115
M1074,0
M1075,63000
M1076,0
M1077,0
M1078,0
M1079,1000
M1080,0
M1081,1000
M1082,22000
M1083,0
M1084,0
M1085,86000
M1086,0
M1087,19000
M1088,0
M1089,26000
M1090,0
M1091,0
M1092,0
M1093,0
M1094,0
M1095,52000
M1096,0
M1097,0
M1098,0
M1099,1000
M1100,0
M1101,743
M1102,10000
M1103,531
M1104,0
M1105,12000
M1106,0
M1107,0
M1108,0
M1109,28000
M1110,2000
M1111,2000
M1112,593
M1113,11000
M1114,14000
M1115,0
M1116,0
M1117,0
M1118,451
M1119,0
M1120,916
M1121,0
M1122,0
M1123,46000
M1124,0
M1125,652
M1126,915
M1127,15000
M1128,0
M1129,0
M1130,0
M1131,0
M1132,892
M1133,0
M1134,17000
M1135,68
M1136,17000
M1137,0
M1138,89000
M1139,0
M1140,0
M1141,0
M1142,0
M1143,353
M1144,0
M1145,1000
M1146,0
M1147,11000
M1148,0
M1149,0
M1150,0
M1151,0
M1152,0
M1153,0
M1154,16000
M1155,39000
M1156,11000
M1157,0
M1158,0
M1159,0
M1160,24000
M1161,0
M1162,17000
M1163,893
M1164,0
M1165,0
M1166,0
M1167,0
M1168,20000
M1169,748
M1170,0
M1171,10000
M1172,0
M1173,19000
M1174,50000
M1175,0
M1176,455
M1177,0
M1178,0
M1179,161
M1180,0
M1181,505
M1182,14000
M1183,11000
M1184,11000
M1185,0
M1186,63000
M1187,10000
M1188,0
M1189,12000
M1190,83000
M1191,101000
M1192,681
M1193,0
M1194,0
M1195,58000
M1196,0
M1197,40000
M1198,74000
M1199,12000
M1200,1000
M1201,0
M1202,0
M1203,14000
M1204,14000
M1205,13000
M1206,28000
M1207,0
M1208,55000
M1209,11000
M1210,54000
M1211,0
M1212,0
M1213,0
M1214,13000
M1215,0
M1216,0
M1217,0
M1218,0
M1219,663
M1220,2000
M1221,35000
M1222,0
M1223,16000
M1224,0
M1225,55000
M1226,0
M1227,12000
M1228,0
M1229,0
M1230,0
M1231,0
M1232,25000
M1233,29000
M1234,49000
M1235,12000
M1236,0
M1237,14000
M1238,0
M1239,17000
M1240,263
M1241,0
M1242,0
M1243,0
M1244,11000
M1245,3000
M1246,16000
M1247,0
M1248,0
M1249,0
M1250,694
M1251,0
M1252,0
M1253,0
M1254,0
M1255,42000
M1256,0
M1257,26000
M1258,0
M1259,0
M1260,0
M1261,390
M1262,20000
M1263,445
M1264,16000
M1265,0
M1266,301
M1267,702
M1268,24000
M1269,0
M1270,39000
M1271,0
M1272,0
M1273,470
M1274,3000
M1275,394
M1276,279
M1277,0
M1278,299
M1279,0
M1280,8000
M1281,0
M1282,0
M1283,680
M1284,15000
M1285,0
M1286,416
M1287,0
M1288,0
M1289,309
M1290,0
M1291,0
M1292,555
M1293,604
M1294,54000
M1295,754
M1296,15000
M1297,835
M1298,630
M1299,39000
M1300,849
M1301,0
M1302,0
M1303,579
M1304,612
M1305,0
M1306,11000
M1307,0
M1308,866
M1309,328
M1310,401
M1311,10000
M1312,892
M1313,158
M1314,565
M1315,15000
M1316,0
M1317,211
M1318,0
M1319,823
M1320,0
M1321,12000
M1322,0
M1323,0
M1324,0
M1325,265
M1326,58000
M1327,0
M1328,89
M1329,15000
M1330,21000
M1331,13000
M1332,0
M1333,14000
M1334,25000
M1335,14000
M1336,177
M1337,0
M1338,12000
M1339,0
M1340,0
M1341,9000
M1342,478
M1343,478
M1344,0
M1345,13000
M1346,33000
M1347,0
M1348,0
M1349,0
M1350,0
M1351,989
M1352,8000
M1353,689
M1354,168
M1355,0
M1356,352
M1357,0
M1358,12000
M1359,911
M1360,23000
M1361,39000
M1362,389
M1363,474
M1364,0
M1365,27000
M1366,366
M1367,0
M1368,14000
M1369,70000
M1370,29000
M1371,14000
M1372,0
M1373,0
M1374,83000
M1375,13000
M1376,0
M1377,15000
M1378,0
M1379,19000
M1380,0
M1381,0
M1382,35000
M1383,240
M1384,0
M1385,0
M1386,12000
M1387,0
M1388,852
M1389,0
M1390,11000
M1391,591
M1392,846
M1393,23000
M1394,17000
M1395,133
M1396,279
M1397,638
M1398,24000
M1399,12000
M1400,0
M1401,12000
M1402,2000
M1403,0
M1404,38000
M1405,0
M1406,0
M1407,31000
M1408,36000
M1409,0
M1410,0
M1411,17000
M1412,0
M1413,0
M1414,25000
M1415,919
M1416,0
M1417,11000
M1418,0
M1419,0
M1420,0
M1421,10000
M1422,0
M1423,0
M1424,0
M1425,0
M1426,0
M1427,41000
M1428,0
M1429,39000
M1430,0
M1431,18000
M1432,0
M1433,0
M1434,913
M1435,0
M1436,0
M1437,0
M1438,0
M1439,11000
M1440,0
M1441,0
M1442,52000
M1443,0
M1444,13000
M1445,265
M1446,0
M1447,0
M1448,0
M1449,21000
M1450,0
M1451,0
M1452,0
M1453,12000
M1454,16000
M1455,5000
M1456,0
M1457,0
M1458,0
M1459,0
M1460,12000
M1461,0
M1462,11000
M1463,0
M1464,0
M1465,0
M1466,949
M1467,0
M1468,0
M1469,23000
M1470,13000
M1471,538
M1472,0
M1473,0
M1474,0
M1475,0
M1476,20000
M1477,0
M1478,0
M1479,17000
M1480,0
M1481,0
M1482,0
M1483,0
M1484,0
M1485,452
M1486,0
M1487,0
M1488,433
M1489,0
M1490,0
M1491,39000
M1492,471
M1493,10000
M1494,704
M1495,0
M1496,494
M1497,24000
M1498,0
M1499,9000
M1500,20000
M1501,892
M1502,6000
M1503,561
M1504,675
M1505,0
M1506,262
M1507,633
M1508,29000
M1509,677
M1510,0
M1511,26
M1512,38000
M1513,0
M1514,0
M1515,23000
M1516,120
M1517,0
M1518,0
M1519,23000
M1520,1000
M1521,314
M1522,0
M1523,13000
M1524,0
M1525,0
M1526,742
M1527,1000
M1528,0
M1529,0
M1530,19000
M1531,4000
M1532,463
M1533,4000
M1534,0
M1535,12000
M1536,783
M1537,14000
M1538,0
M1539,15000
M1540,0
M1541,21000
M1542,0
M1543,0
M1544,11000
M1545,0
M1546,27000
M1547,97000
M1548,0
M1549,0
M1550,0
M1551,0
M1552,0
M1553,56000
M1554,0
M1555,10000
M1556,5000
M1557,2000
M1558,0
M1559,0
M1560,0
M1561,0
M1562,702
M1563,0
M1564,12000
M1565,0
M1566,350
M1567,13000
M1568,643
M1569,625
M1570,559
M1571,290
M1572,19000
M1573,0
M1574,0
M1575,0
M1576,0
M1577,64000
M1578,0
M1579,149000
M1580,0
M1581,0
M1582,0
M1583,62000
M1584,28000
M1585,0
M1586,0
M1587,0
M1588,0
M1589,0
M1590,0
M1591,32000
M1592,0
M1593,0
M1594,0
M1595,41000
M1596,0
M1597,5000
M1598,0
M1599,0
M1600,0
M1601,39000
M1602,22000
M1603,0
M1604,12000
M1605,14000
M1606,0
M1607,57000
M1608,0
M1609,0
M1610,181
M1611,883
M1612,11000
M1613,19000
M1614,0
M1615,81000
M1616,75000
M1617,602
M1618,5000
M1619,0
M1620,0
M1621,0
M1622,0
M1623,0
M1624,0
M1625,0
M1626,0
M1627,0
M1628,78000
M1629,0
M1630,13000
M1631,0
M1632,0
M1633,1000
M1634,1000
M1635,0
M1636,0
M1637,20000
M1638,771
M1639,12000
M1640,13000
M1641,0
M1642,13000
M1643,0
M1644,0
M1645,59000
M1646,44000
M1647,11000
M1648,34000
M1649,0
M1650,16000
M1651,0
M1652,13000
M1653,0
M1654,66000
M1655,0
M1656,0
M1657,0
M1658,0
M1659,38000
M1660,0
M1661,1000
M1662,0
M1663,39000
M1664,0
M1665,0
M1666,0
M1667,304
M1668,13000
M1669,29000
M1670,0
M1671,0
M1672,1000
M1673,0
M1674,11000
M1675,592
M1676,0
M1677,1000
M1678,18000
M1679,11000
M1680,484
M1681,11000
M1682,491
M1683,27000
M1684,0
M1685,999
M1686,629
M1687,204
M1688,0
M1689,24000
M1690,0
M1691,0
M1692,462
M1693,12000
M1694,0
M1695,0
M1696,0
M1697,625
M1698,0
M1699,23000
M1700,0
M1701,858
M1702,654
M1703,0
M1704,24000
M1705,387
M1706,0
M1707,0
M1708,0
M1709,19000
M1710,0
M1711,0
M1712,0
M1713,0
M1714,0
M1715,12000
M1716,0
M1717,0
M1718,287
M1719,353
M1720,0
M1721,445
M1722,0
M1723,0
M1724,0
M1725,0
M1726,0
M1727,21000
M1728,885
M1729,0
M1730,0
M1731,6000
M1732,161
M1733,447
M1734,13000
M1735,40000
M1736,11000
M1737,12000
M1738,0
M1739,0
M1740,0
M1741,3000
M1742,201
M1743,0
M1744,0
M1745,209
M1746,0
M1747,0
M1748,0
M1749,76000
M1750,0
M1751,418
M1752,0
M1753,0
M1754,0
M1755,25000
M1756,0
M1757,99000
M1758,0
M1759,0
M1760,7000
M1761,0
M1762,0
M1763,0
M1764,11000
M1765,27000
M1766,2000
M1767,12000
M1768,0
M1769,0
M1770,23000
M1771,16000
M1772,0
M1773,36000
M1774,0
M1775,0
M1776,12000
M1777,17000
M1778,34000
M1779,0
M1780,10000
M1781,0
M1782,209
M1783,1000
M1784,0
M1785,913
M1786,0
M1787,517
M1788,0
M1789,0
M1790,73000
M1791,0
M1792,0
M1793,36000
M1794,0
M1795,0
M1796,0
M1797,0
M1798,15000
M1799,464
M1800,845
M1801,0
M1802,0
M1803,11000
M1804,0
M1805,0
M1806,65000
M1807,0
M1808,14000
M1809,894
M1810,0
M1811,0
M1812,2000
M1813,10000
M1814,0
M1815,15000
M1816,21000
M1817,14000
M1818,0
M1819,459
M1820,0
M1821,315
M1822,0
M1823,817
M1824,0
M1825,0
M1826,0
M1827,0
M1828,0
M1829,2000
M1830,845
M1831,188
M1832,359
M1833,0
M1834,0
M1835,0
M1836,0
M1837,15000
M1838,0
M1839,0
M1840,0
M1841,0
M1842,0
M1843,0
M1844,0
M1845,0
M1846,0
M1847,16000
M1848,0
M1849,43000
M1850,736
M1851,874
M1852,0
M1853,10000
M1854,167
M1855,20000
M1856,3000
M1857,35000
M1858,260
M1859,319
M1860,145
M1861,0
M1862,826
M1863,0
M1864,504
M1865,11000
M1866,0
M1867,13000
M1868,0
M1869,12000
M1870,28000
M1871,0
M1872,29000
M1873,19000
M1874,0
M1875,41000
M1876,75000
M1877,11000
M1878,567
M1879,0
M1880,3000
M1881,488
M1882,425
M1883,0
M1884,0
M1885,0
M1886,21000
M1887,0
M1888,0
M1889,18000
M1890,660
M1891,0
M1892,24000
M1893,11000
M1894,0
M1895,7000
M1896,0
M1897,29000
M1898,6000
M1899,0
M1900,0
M1901,32000
M1902,0
M1903,0
M1904,25000
M1905,542
M1906,0
M1907,19000
M1908,0
M1909,0
M1910,0
M1911,666
M1912,16000
M1913,187
M1914,329
M1915,0
M1916,0
M1917,0
M1918,0
M1919,671
M1920,10000
M1921,58000
M1922,0
M1923,0
M1924,0
M1925,1000
M1926,0
M1927,0
M1928,0
M1929,686
M1930,0
M1931,18000
M1932,0
M1933,0
M1934,0
M1935,0
M1936,0
M1937,657
M1938,108000
M1939,387
M1940,3000
M1941,0
M1942,30000
M1943,901
M1944,0
M1945,15000
M1946,0
M1947,0
M1948,834
M1949,14000
M1950,0
M1951,10000
M1952,0
M1953,0
M1954,0
M1955,564
M1956,498
M1957,377
M1958,246
M1959,0
M1960,0
M1961,0
M1962,378
M1963,0
M1964,0
M1965,503
M1966,215
M1967,43000
M1968,0
M1969,0
M1970,0
M1971,14000
M1972,0
M1973,581
M1974,0
M1975,5000
M1976,0
M1977,19000
M1978,853
M1979,77000
M1980,0
M1981,0
M1982,982
M1983,261
M1984,0
M1985,17000
M1986,491
M1987,7000
M1988,348
M1989,0
M1990,32000
M1991,739
M1992,206
M1993,295
M1994,11000
M1995,4000
M1996,0
M1997,83
M1998,0
M1999,937
M2000,21000
M2001,507
M2002,0
M2003,942
M2004,0
M2005,31000
M2006,6000
M2007,0
M2008,0
M2009,636
M2010,90
M2011,200
M2012,24000
M2013,0
M2014,690
M2015,0
M2016,437
M2017,0
M2018,27000
M2019,0
M2020,0
M2021,37000
M2022,0
M2023,0
M2024,3000
M2025,0
M2026,0
M2027,0
M2028,12000
M2029,891
M2030,0
M2031,0
M2032,455
M2033,15000
M2034,204
M2035,0
M2036,876
M2037,619
M2038,0
M2039,650
M2040,153
M2041,0
M2042,13000
M2043,0
M2044,839
M2045,408
M2046,181
M2047,12000
M2048,13000
M2049,26000
M2050,0
M2051,0
M2052,17000
M2053,0
M2054,0
M2055,0
M2056,22000
M2057,5000
M2058,0
M2059,148000
M2060,15000
M2061,0
M2062,0
M2063,638
M2064,0
M2065,153
M2066,0
M2067,0
M2068,1000
M2069,376
M2070,0
M2071,0
M2072,0
M2073,0
M2074,0
M2075,0
M2076,532
M2077,767
M2078,765
M2079,11000
M2080,13000
M2081,18000
M2082,0
M2083,0
M2084,0
M2085,0
M2086,0
M2087,0
M2088,1000
M2089,12000
M2090,55000
M2091,0
M2092,15000
M2093,15000
M2094,0
M2095,0
M2096,0
M2097,2000
M2098,887
M2099,0
M2100,11000
M2101,0
M2102,739
M2103,0
M2104,0
M2105,0
M2106,0
M2107,804
M2108,23000
M2109,0
M2110,15000
M2111,0
M2112,0
M2113,716
M2114,158
M2115,104
M2116,272
M2117,0
M2118,0
M2119,0
M2120,11000
M2121,0
M2122,687
M2123,11000
M2124,0
M2125,0
M2126,815
M2127,17000
M2128,0
M2129,758
M2130,0
M2131,0
M2132,18000
M2133,0
M2134,0
M2135,0
M2136,1000
M2137,0
M2138,117000
M2139,10000
M2140,0
M2141,0
M2142,0
M2143,897
M2144,141
M2145,7000
M2146,1000
M2147,365
M2148,24000
M2149,284
M2150,17000
M2151,0
M2152,6000
M2153,16000
M2154,0
M2155,0
M2156,0
M2157,0
M2158,800
M2159,40000
M2160,0
M2161,0
M2162,0
M2163,0
M2164,131000
M2165,773
M2166,11000
M2167,0
M2168,0
M2169,0
M2170,0
M2171,0
M2172,22000
M2173,0
M2174,10000
M2175,83000
M2176,2000
M2177,0
M2178,16000
M2179,51000
M2180,0
M2181,0
M2182,18000
M2183,806
M2184,302
M2185,22000
M2186,227
M2187,1000
M2188,0
M2189,347
M2190,20000
M2191,33000
M2192,211
M2193,0
M2194,0
M2195,80000
M2196,0
M2197,930
M2198,0
M2199,0
M2200,0
M2201,4000
M2202,10000
M2203,0
M2204,16000
M2205,0
M2206,14000
M2207,0
M2208,0
M2209,16000
M2210,0
M2211,13000
M2212,0
M2213,10000
M2214,21000
M2215,0
M2216,21000
M2217,0
M2218,0
M2219,0
M2220,10000
M2221,0
M2222,613
M2223,0
M2224,52000
M2225,0
M2226,0
M2227,49000
M2228,590
M2229,0
M2230,0
M2231,6000
M2232,0
M2233,0
M2234,0
M2235,3000
M2236,0
M2237,431
M2238,1000
M2239,0
M2240,0
M2241,0
M2242,124
M2243,18000
M2244,0
M2245,0
M2246,681
M2247,501
M2248,0
M2249,0
M2250,0
M2251,76000
M2252,484
M2253,25000
M2254,12000
M2255,264
M2256,0
M2257,0
M2258,4
M2259,422
M2260,0
M2261,0
M2262,269
M2263,19000
M2264,401
M2265,1000
M2266,10000
M2267,1000
M2268,0
M2269,0
M2270,0
M2271,0
M2272,0
M2273,10000
M2274,713
M2275,0
M2276,979
M2277,0
M2278,983
M2279,0
M2280,977
M2281,0
M2282,0
M2283,25000
M2284,444
M2285,0
M2286,0
M2287,0
M2288,0
M2289,311
M2290,25000
M2291,855
M2292,0
M2293,0
M2294,0
M2295,10000
M2296,0
M2297,676
M2298,233
M2299,924
M2300,548
M2301,18000
M2302,346
M2303,0
M2304,0
M2305,797
M2306,48000
M2307,0
M2308,847
M2309,608
M2310,15000
M2311,36000
M2312,0
M2313,13000
M2314,1000
M2315,1000
M2316,0
M2317,0
M2318,971
M2319,0
M2320,0
M2321,0
M2322,0
M2323,13000
M2324,11000
M2325,235
M2326,1000
M2327,0
M2328,0
M2329,241
M2330,20000
M2331,1000
M2332,401
M2333,831
M2334,0
M2335,973
M2336,445
M2337,0
M2338,399
M2339,1000
M2340,136
M2341,0
M2342,217
M2343,0
M2344,0
M2345,0
M2346,30
M2347,314
M2348,0
M2349,1000
M2350,58
M2351,70
M2352,0
M2353,0
M2354,11000
M2355,0
M2356,0
M2357,0
M2358,16000
M2359,0
M2360,0
M2361,11000
M2362,0
M2363,37000
M2364,39000
M2365,0
M2366,1000
M2367,1000
M2368,0
M2369,0
M2370,14000
M2371,0
M2372,663
M2373,0
M2374,28000
M2375,332
M2376,1000
M2377,53000
M2378,0
M2379,13000
M2380,560
M2381,0
M2382,0
M2383,238
M2384,228
M2385,599
M2386,0
M2387,0
M2388,0
M2389,124
M2390,15000
M2391,13000
M2392,21000
M2393,0
M2394,0
M2395,0
M2396,0
M2397,0
M2398,0
M2399,0
M2400,31000
M2401,0
M2402,265
M2403,10000
M2404,0
M2405,19000
M2406,0
M2407,13000
M2408,16000
M2409,1000
M2410,0
M2411,0
M2412,0
M2413,0
M2414,0
M2415,114000
M2416,36000
M2417,0
M2418,0
M2419,0
M2420,588
M2421,7000
M2422,15000
M2423,0
M2424,0
M2425,2000
M2426,0
M2427,0
M2428,0
M2429,0
M2430,63000
M2431,812
M2432,0
M2433,0
M2434,591
M2435,0
M2436,23000
M2437,0
M2438,0
M2439,346
M2440,813
M2441,2000
M2442,4000
M2443,0
M2444,3000
M2445,0
M2446,562
M2447,0
M2448,0
M2449,0
M2450,0
M2451,0
M2452,0
M2453,12000
M2454,0
M2455,0
M2456,0
M2457,0
M2458,827
M2459,18000
M2460,0
M2461,0
M2462,378
M2463,0
M2464,2000
M2465,19000
M2466,1000
M2467,0
M2468,342
M2469,271
M2470,3000
M2471,0
M2472,0
M2473,0
M2474,0
M2475,10000
M2476,0
M2477,804
M2478,0
M2479,0
M2480,0
M2481,12000
M2482,0
M2483,0
M2484,0
M2485,204
M2486,20000
M2487,18000
M2488,0
M2489,0
M2490,14000
M2491,0
M2492,0
M2493,12000
M2494,0
M2495,309
M2496,7000
M2497,3000
M2498,12000
M2499,2000
M2500,30000
M2501,0
M2502,16000
M2503,0
M2504,320
M2505,21000
M2506,0
M2507,874
M2508,36000
M2509,476
M2510,0
M2511,814
M2512,110
M2513,339
M2514,4000
M2515,419
M2516,70000
M2517,0
M2518,300
M2519,1000
M2520,238
M2521,0
M2522,352
M2523,154
M2524,15000
M2525,0
M2526,0
M2527,0
M2528,0
M2529,0
M2530,903
M2531,0
M2532,0
M2533,0
M2534,15000
M2535,0
M2536,0
M2537,0
M2538,0
M2539,0
M2540,23000
M2541,0
M2542,0
M2543,0
M2544,0
M2545,0
M2546,30000
M2547,0
M2548,71000
M2549,0
M2550,0
M2551,1000
M2552,27000
M2553,0
M2554,393
M2555,1000
M2556,0
M2557,0
M2558,0
M2559,17000
M2560,0
M2561,14000
M2562,0
M2563,18000
M2564,487
M2565,0
M2566,6000
M2567,492
M2568,0
M2569,31000
M2570,24000
M2571,371
M2572,818
M2573,0
M2574,0
M2575,177
M2576,392
M2577,573
M2578,762
M2579,0
M2580,0
M2581,0
M2582,0
M2583,0
M2584,356
M2585,23000
M2586,0
M2587,3000
M2588,921
M2589,23000
M2590,0
M2591,115000
M2592,0
M2593,0
M2594,939
M2595,16000
M2596,824
M2597,282
M2598,191
M2599,0
M2600,0
M2601,0
M2602,20000
M2603,3000
M2604,0
M2605,19000
M2606,0
M2607,22000
M2608,64000
M2609,0
M2610,0
M2611,1000
M2612,6000
M2613,558
M2614,0
M2615,165000
M2616,855
M2617,0
M2618,0
M2619,57000
M2620,12000
M2621,0
M2622,26000
M2623,0
M2624,15000
M2625,1000
M2626,0
M2627,29000
M2628,0
M2629,896
M2630,11000
M2631,12000
M2632,0
M2633,12000
M2634,27000
M2635,0
M2636,0
M2637,2000
M2638,0
M2639,38000
M2640,11000
M2641,0
M2642,90000
M2643,0
M2644,0
M2645,11000
M2646,3000
M2647,38000
M2648,0
M2649,0
M2650,0
M2651,15000
M2652,33000
M2653,0
M2654,81000
M2655,810
M2656,849
M2657,0
M2658,0
M2659,1000
M2660,0
M2661,0
M2662,0
M2663,949
M2664,6000
M2665,0
M2666,0
M2667,0
M2668,0
M2669,466
M2670,1000
M2671,0
M2672,243
M2673,0
M2674,0
M2675,0
M2676,0
M2677,673
M2678,47000
M2679,0
M2680,327
M2681,16000
M2682,0
M2683,20000
M2684,13000
M2685,0
M2686,175
M2687,116
M2688,356
M2689,489
M2690,49000
M2691,10000
M2692,566
M2693,622
M2694,251
M2695,1000
M2696,877
M2697,436
M2698,29000
M2699,247
M2700,648
M2701,16000
M2702,1000
M2703,576
M2704,35000
M2705,0
M2706,455
M2707,923
M2708,816
M2709,1000
M2710,0
M2711,515
M2712,647
M2713,32000
M2714,0
M2715,0
M2716,0
M2717,10000
M2718,10000
M2719,157
M2720,0
M2721,0
M2722,0
M2723,0
M2724,16000
M2725,0
M2726,0
M2727,33000
M2728,733
M2729,0
M2730,843
M2731,391
M2732,0
M2733,708
M2734,284
M2735,12000
M2736,0
M2737,0
M2738,0
M2739,664
M2740,0
M2741,0
M2742,0
M2743,154
M2744,0
M2745,705
M2746,0
M2747,193
M2748,445
M2749,0
M2750,0
M2751,13000
M2752,473
M2753,18
M2754,821
M2755,277
M2756,38000
M2757,41000
M2758,10000
M2759,0
M2760,998
M2761,10000
M2762,1000
M2763,13000
M2764,3000
M2765,11000
M2766,0
M2767,489
M2768,0
M2769,4000
M2770,0
M2771,0
M2772,17000
M2773,0
M2774,0
M2775,0
M2776,373
M2777,0
M2778,0
M2779,0
M2780,0
M2781,2000
M2782,18000
M2783,184
M2784,0
M2785,530
M2786,1000
M2787,889
M2788,0
M2789,411
M2790,4000
M2791,1000
M2792,645
M2793,970
M2794,0
M2795,932
M2796,905
M2797,488
M2798,0
M2799,896
M2800,0
M2801,613
M2802,0
M2803,13000
M2804,5000
M2805,853
M2806,860
M2807,447
M2808,231
M2809,127
M2810,2000
M2811,76
M2812,0
M2813,512
M2814,0
M2815,1000
M2816,702
M2817,0
M2818,934
M2819,14000
M2820,13000
M2821,62000
M2822,0
M2823,0
M2824,0
M2825,0
M2826,0
M2827,52000
M2828,329
M2829,64
M2830,14000
M2831,0
M2832,29000
M2833,0
M2834,502
M2835,62000
M2836,106000
M2837,60000
M2838,14000
M2839,0
M2840,0
M2841,16000
M2842,0
M2843,0
M2844,33000
M2845,0
M2846,10000
M2847,1000
M2848,0
M2849,0
M2850,15000
M2851,0
M2852,0
M2853,0
M2854,934
M2855,833
M2856,0
M2857,0
M2858,20000
M2859,109000
M2860,0
M2861,593
M2862,0
M2863,0
M2864,5000
M2865,862
M2866,204
M2867,72000
M2868,679
M2869,3000
M2870,0
M2871,22
M2872,251
M2873,0
M2874,0
M2875,618
M2876,11000
M2877,0
M2878,689
M2879,5000
M2880,186
M2881,0
M2882,69
M2883,10000
M2884,0
M2885,131000
M2886,107
M2887,0
M2888,141
M2889,0
M2890,18000
M2891,0
M2892,23000
M2893,139
M2894,332
M2895,11000
M2896,0
M2897,0
M2898,0
M2899,15000
M2900,0
M2901,0
M2902,0
M2903,0
M2904,0
M2905,337
M2906,19000
M2907,38000
M2908,0
M2909,329
M2910,344
M2911,0
M2912,44000
M2913,0
M2914,5000
M2915,0
M2916,0
M2917,18000
M2918,21000
M2919,0
M2920,0
M2921,0
M2922,0
M2923,770
M2924,0
M2925,0
M2926,0
M2927,0
M2928,15000
M2929,0
M2930,0
M2931,0
M2932,0
M2933,32000
M2934,0
M2935,0
M2936,0
M2937,29000
M2938,0
M2939,0
M2940,0
M2941,0
M2942,243
M2943,0
M2944,0
M2945,0
M2946,0
M2947,0
M2948,93000
M2949,0
M2950,0
M2951,902
M2952,0
M2953,31000
M2954,37000
M2955,549
M2956,0
M2957,0
M2958,0
M2959,151
M2960,28000
M2961,0
M2962,371
M2963,0
M2964,0
M2965,439
M2966,242
M2967,0
M2968,0
M2969,1000
M2970,0
M2971,11000
M2972,701
M2973,507
M2974,105000
M2975,0
M2976,0
M2977,0
M2978,0
M2979,262
M2980,1000
M2981,650
M2982,652
M2983,0
M2984,0
M2985,251
M2986,656
M2987,0
M2988,305
M2989,7000
M2990,135
M2991,0
M2992,0
M2993,29000
M2994,677
M2995,27000
M2996,0
M2997,314
M2998,0
M2999,0
M3000,0
M3001,423
M3002,88
M3003,1000
M3004,0
M3005,0
M3006,607
M3007,458
M3008,784
M3009,0
M3010,0
M3011,26000
M3012,211
M3013,0
M3014,0
M3015,13000
M3016,26000
M3017,23000
M3018,27000
M3019,634
M3020,0
M3021,355
M3022,443
M3023,4
M3024,14000
M3025,33000
M3026,11000
M3027,7000
M3028,0
M3029,0
M3030,36000
M3031,641
M3032,7000
M3033,15000
M3034,774
M3035,0
M3036,0
M3037,0
M3038,19000
M3039,0
M3040,0
M3041,0
M3042,0
M3043,0
M3044,365
M3045,541
M3046,745
M3047,902
M3048,36000
M3049,0
M3050,0
M3051,671
M3052,13000
M3053,449
M3054,5000
M3055,34000
M3056,0
M3057,10000
M3058,405
M3059,14000
M3060,0
M3061,0
M3062,550
M3063,174
M3064,26000
M3065,0
M3066,967
M3067,608
M3068,0
M3069,0
M3070,11000
M3071,0
M3072,0
M3073,85
M3074,18000
M3075,302
M3076,659
M3077,646
M3078,0
M3079,1000
M3080,24000
M3081,34000
M3082,1000
M3083,392
M3084,119
M3085,0
M3086,250
M3087,411
M3088,0
M3089,0
M3090,31000
M3091,0
M3092,0
M3093,0
M3094,0
M3095,0
M3096,0
M3097,12000
M3098,0
M3099,0
M3100,676
M3101,0
M3102,0
M3103,0
M3104,4000
M3105,0
M3106,0
M3107,0
M3108,0
M3109,48000
M3110,227
M3111,0
M3112,0
M3113,20000
M3114,16000
M3115,981
M3116,29000
M3117,0
M3118,27000
M3119,0
M3120,0
M3121,10000
M3122,744
M3123,0
M3124,0
M3125,368
M3126,720
M3127,0
M3128,0
M3129,10000
M3130,21000
M3131,0
M3132,13000
M3133,0
M3134,0
M3135,15000
M3136,683
M3137,331
M3138,0
M3139,997
M3140,5000
M3141,13000
M3142,21000
M3143,851
M3144,767
M3145,720
M3146,0
M3147,11000
M3148,0
M3149,680
M3150,328
M3151,27000
M3152,441
M3153,0
M3154,0
M3155,227
M3156,17000
M3157,808
M3158,1000
M3159,15000
M3160,1000
M3161,0
M3162,16000
M3163,0
M3164,20000
M3165,0
M3166,0
M3167,0
M3168,0
M3169,0
M3170,25000
M3171,25000
M3172,518
M3173,25000
M3174,0
M3175,0
M3176,35000
M3177,14000
M3178,49
M3179,0
M3180,0
M3181,398
M3182,0
M3183,0
M3184,425
M3185,0
M3186,0
M3187,0
M3188,0
M3189,0
M3190,0
M3191,0
M3192,561
M3193,944
M3194,18000
M3195,345
M3196,208
M3197,0
M3198,0
M3199,1000
M3200,10000
M3201,106
M3202,0
M3203,0
M3204,0
M3205,242
M3206,0
M3207,20000
M3208,0
M3209,533
M3210,795
M3211,12000
M3212,0
M3213,0
M3214,319
M3215,0
M3216,74
M3217,725
M3218,883
M3219,0
M3220,952
M3221,33
M3222,5000
M3223,85
M3224,12000
M3225,345
M3226,117
M3227,0
M3228,0
M3229,661
M3230,0
M3231,321
M3232,503
M3233,874
M3234,0
M3235,89
M3236,370
M3237,1000
M3238,546
M3239,58
M3240,0
M3241,402
M3242,160
M3243,0
M3244,0
M3245,376
M3246,509
M3247,0
M3248,0
M3249,186
M3250,589
M3251,1000
M3252,695
M3253,486
M3254,746
M3255,119
M3256,0
M3257,0
M3258,850
M3259,0
M3260,957
M3261,0
M3262,0
M3263,0
M3264,1000
M3265,33000
M3266,616
M3267,898
M3268,0
M3269,0
M3270,0
M3271,0
M3272,0
M3273,0
M3274,0
M3275,50000
M3276,10000
M3277,12000
M3278,23000
M3279,0
M3280,0
M3281,0
M3282,0
M3283,0
M3284,0
M3285,0
M3286,0
M3287,0
M3288,0
M3289,15000
M3290,580
M3291,0
M3292,1000
M3293,0
M3294,0
M3295,0
M3296,266
M3297,0
M3298,0
M3299,419
M3300,1000
M3301,838
M3302,0
M3303,0
M3304,748
M3305,0
M3306,313
M3307,215
M3308,1000
M3309,0
M3310,0
M3311,0
M3312,124
M3313,375
M3314,348
M3315,484
M3316,0
M3317,135
M3318,0
M3319,0
M3320,128
M3321,0
M3322,120
M3323,3000
M3324,0
M3325,0
M3326,458
M3327,0
M3328,0
M3329,0
M3330,2000
M3331,0
M3332,19000
M3333,0
M3334,1000
M3335,0
M3336,0
M3337,278
M3338,0
M3339,0
M3340,8000
M3341,0
M3342,0
M3343,387
M3344,0
M3345,27000
M3346,0
M3347,18000
M3348,196
M3349,341
M3350,0
M3351,0
M3352,0
M3353,1000
M3354,8000
M3355,467
M3356,45000
M3357,0
M3358,65000
M3359,713
M3360,15000
M3361,0
M3362,15000
M3363,24000
M3364,11000
M3365,0
M3366,0
M3367,0
M3368,559
M3369,40000
M3370,0
M3371,0
M3372,0
M3373,495
M3374,240
M3375,0
M3376,0
M3377,0
M3378,0
M3379,0
M3380,0
M3381,0
M3382,0
M3383,0
M3384,18000
M3385,938
M3386,758
M3387,0
M3388,638
M3389,12000
M3390,19000
M3391,160
M3392,0
M3393,0
M3394,125
M3395,77
M3396,859
M3397,788
M3398,18000
M3399,0
M3400,0
M3401,0
M3402,0
M3403,515
M3404,20000
M3405,0
M3406,429
M3407,0
M3408,79
M3409,11000
M3410,43000
M3411,412
M3412,226
M3413,434
M3414,494
M3415,75
M3416,0
M3417,143
M3418,0
M3419,3000
M3420,0
M3421,294
M3422,532
M3423,675
M3424,0
M3425,0
M3426,520
M3427,438
M3428,81
M3429,0
M3430,205
M3431,0
M3432,0
M3433,999
M3434,689
M3435,3000
M3436,508
M3437,0
M3438,2000
M3439,0
M3440,0
M3441,12000
M3442,1000
M3443,345
M3444,1000
M3445,0
M3446,140
M3447,31
M3448,0
M3449,655
M3450,26
M3451,0
M3452,223
M3453,18000
M3454,0
M3455,389
M3456,108
M3457,14000
M3458,0
M3459,25000
M3460,0
M3461,0
M3462,0
M3463,129
M3464,10000
M3465,0
M3466,0
M3467,43000
M3468,0
M3469,40000
M3470,0
M3471,54000
M3472,2000
M3473,0
M3474,0
M3475,0
M3476,0
M3477,115000
M3478,0
M3479,0
M3480,0
M3481,141
M3482,61000
M3483,0
M3484,2000
M3485,978
M3486,10000
M3487,407
M3488,0
M3489,824
M3490,0
M3491,6000
M3492,23000
M3493,375
M3494,80000
M3495,0
M3496,44
M3497,10000
M3498,0
M3499,0
M3500,0
M3501,16000
M3502,0
M3503,0
M3504,0
M3505,0
M3506,446
M3507,0
M3508,0
M3509,650
M3510,0
M3511,2000
M3512,0
M3513,0
M3514,157
M3515,357
M3516,3000
M3517,38000
M3518,962
M3519,797
M3520,168
M3521,0
M3522,122
M3523,0
M3524,0
M3525,0
M3526,724
M3527,19000
M3528,0
M3529,0
M3530,97
M3531,0
M3532,916
M3533,1000
M3534,694
M3535,311
M3536,16000
M3537,55
M3538,0
M3539,453
M3540,41
M3541,0
M3542,389
M3543,10000
M3544,586
M3545,187
M3546,0
M3547,687
M3548,1000
M3549,413
M3550,10000
M3551,37000
M3552,282
M3553,663
M3554,11000
M3555,45000
M3556,479
M3557,0
M3558,0
M3559,337
M3560,0
M3561,391
M3562,0
M3563,515
M3564,0
M3565,342
M3566,802
M3567,23000
M3568,0
M3569,19
M3570,12000
M3571,1000
M3572,260
M3573,0
M3574,830
M3575,13000
M3576,13000
M3577,11000
M3578,0
M3579,0
M3580,0
M3581,0
M3582,13000
M3583,9000
M3584,0
M3585,0
M3586,0
M3587,0
M3588,0
M3589,0
M3590,0
M3591,478
M3592,990
M3593,28000
M3594,1000
M3595,0
M3596,10000
M3597,403
M3598,0
M3599,0
M3600,624
M3601,256
M3602,355
M3603,0
M3604,0
M3605,11000
M3606,0
M3607,985
M3608,0
M3609,926
M3610,15000
M3611,28
M3612,0
M3613,0
M3614,21000
M3615,9000
M3616,0
M3617,17000
M3618,422
M3619,0
M3620,915
M3621,985
M3622,0
M3623,901
M3624,0
M3625,0
M3626,0
M3627,84
M3628,0
M3629,289
M3630,29
M3631,0
M3632,0
M3633,643
M3634,605
M3635,125
M3636,0
M3637,52
M3638,0
M3639,0
M3640,224
M3641,30
M3642,733
M3643,850
M3644,570
M3645,0
M3646,176
M3647,275
M3648,0
M3649,1000
M3650,0
M3651,0
M3652,0
M3653,0
M3654,0
M3655,0
M3656,0
M3657,0
M3658,0
M3659,543
M3660,0
M3661,109
M3662,0
M3663,0
M3664,160
M3665,244
M3666,365
M3667,4000
M3668,277
M3669,0
M3670,0
M3671,0
M3672,0
M3673,33000
M3674,0
M3675,5000
M3676,0
M3677,438
M3678,0
M3679,352
M3680,1000
M3681,0
M3682,113
M3683,0
M3684,13000
M3685,543
M3686,0
M3687,679
M3688,1000
M3689,915
M3690,484
M3691,23000
M3692,11000
M3693,989
M3694,0
M3695,0
M3696,421
M3697,35000
M3698,0
M3699,33000
M3700,0
M3701,0
M3702,24000
M3703,18000
M3704,0
M3705,15000
M3706,14000
M3707,26000
M3708,0
M3709,620
M3710,963
M3711,0
M3712,0
M3713,10000
M3714,9000
M3715,65000
M3716,0
M3717,40000
M3718,23000
M3719,0
M3720,0
M3721,22000
M3722,232
M3723,0
M3724,122
M3725,1000
M3726,0
M3727,11000
M3728,0
M3729,575
M3730,0
M3731,14000
M3732,0
M3733,599
M3734,45000
M3735,376
M3736,0
M3737,1000
M3738,5000
M3739,25000
M3740,0
M3741,0
M3742,19000
M3743,562
M3744,0
M3745,0
M3746,0
M3747,0
M3748,0
M3749,0
M3750,0
M3751,16000
M3752,0
M3753,270
M3754,11000
M3755,738
M3756,213
M3757,740
M3758,207
M3759,0
M3760,0
M3761,672
M3762,327
M3763,729
M3764,0
M3765,0
M3766,462
M3767,10000
M3768,393
M3769,47000
M3770,249
M3771,89
M3772,920
M3773,0
M3774,0
M3775,323
M3776,0
M3777,0
M3778,0
M3779,507
M3780,21000
M3781,247
M3782,13000
M3783,0
M3784,0
M3785,10000
M3786,255
M3787,0
M3788,0
M3789,225
M3790,133
M3791,489
M3792,274
M3793,49000
M3794,777
M3795,44
M3796,69
M3797,174
M3798,27000
M3799,559
M3800,40
M3801,634
M3802,0
M3803,0
M3804,639
M3805,887
M3806,419
M3807,38
M3808,0
M3809,0
M3810,165
M3811,0
M3812,58
M3813,0
M3814,190
M3815,2000
M3816,35
M3817,49
M3818,0
M3819,0
M3820,1000
M3821,0
M3822,0
M3823,10000
M3824,0
M3825,750
M3826,14000
M3827,0
M3828,864
M3829,0
M3830,0
M3831,0
M3832,30000
M3833,11
M3834,491
M3835,2
M3836,2000
M3837,31
M3838,0
M3839,199
M3840,0
M3841,285
M3842,0
M3843,0
M3844,0
M3845,0
M3846,0
M3847,0
M3848,2000
M3849,2000
M3850,38000
M3851,501
M3852,539
M3853,1000
M3854,0
M3855,33000
M3856,0
M3857,689
M3858,3000
M3859,0
M3860,4000
M3861,0
M3862,0
M3863,528
M3864,0
M3865,0
M3866,7000
M3867,62
M3868,32000
M3869,224
M3870,629
M3871,10000
M3872,0
M3873,0
M3874,0
M3875,0
M3876,0
M3877,0
M3878,504
M3879,2000
M3880,24000
M3881,0
M3882,0
M3883,61
M3884,0
M3885,0
M3886,0
M3887,0
M3888,0
M3889,17000
M3890,0
M3891,625
M3892,51000
M3893,0
M3894,22000
M3895,0
M3896,0
M3897,0
M3898,661
M3899,8000
M3900,283
M3901,634
M3902,16000
M3903,27000
M3904,8000
M3905,2000
M3906,0
M3907,92000
M3908,0
M3909,0
M3910,842
M3911,118
M3912,762
M3913,0
M3914,576
M3915,138
M3916,0
M3917,11000
M3918,0
M3919,0
M3920,414
M3921,931
M3922,0
M3923,15000
M3924,131
M3925,816
M3926,0
M3927,309
M3928,830
M3929,708
M3930,16000
M3931,0
M3932,26000
M3933,550
M3934,0
M3935,987
M3936,872
M3937,111
M3938,12000
M3939,11000
M3940,167
M3941,314
M3942,614
M3943,182
M3944,0
M3945,10000
M3946,132
M3947,108
M3948,0
M3949,98
M3950,0
M3951,0
M3952,325
M3953,161
M3954,278
M3955,798
M3956,0
M3957,688
M3958,282
M3959,0
M3960,657
M3961,279
M3962,296
M3963,0
M3964,0
M3965,531
M3966,170
M3967,365
M3968,0
M3969,2000
M3970,17000
M3971,16000
M3972,0
M3973,251
M3974,237
M3975,456
M3976,17000
M3977,385
M3978,0
M3979,359
M3980,0
M3981,0
M3982,29000
M3983,0
M3984,0
M3985,0
M3986,16000
M3987,358
M3988,8000
M3989,0
M3990,14000
M3991,1000
M3992,357
M3993,0
M3994,930
M3995,470
M3996,0
M3997,43000
M3998,280
M3999,453
M4000,0
M4001,33000
M4002,3000
M4003,804
M4004,0
M4005,0
M4006,93000
M4007,140
M4008,38000
M4009,360
M4010,15000
M4011,414
M4012,1000
M4013,0
M4014,127
M4015,18
M4016,405
M4017,211
M4018,5000
M4019,121
M4020,721
M4021,482
M4022,570
M4023,606
M4024,0
M4025,0
M4026,21000
M4027,224
M4028,0
M4029,129000
M4030,28000
M4031,0
M4032,0
M4033,799
M4034,60000
M4035,18000
M4036,0
M4037,934
M4038,0
M4039,100
M4040,0
M4041,13000
M4042,0
M4043,0
M4044,0
M4045,15000
M4046,0
M4047,0
M4048,0
M4049,0
M4050,41000
M4051,21000
M4052,290
M4053,14000
M4054,0
M4055,4000
M4056,0
M4057,0
M4058,0
M4059,31000
M4060,58000
M4061,63
M4062,0
M4063,0
M4064,902
M4065,38
M4066,0
M4067,0
M4068,710
M4069,609
M4070,0
M4071,949
M4072,933
M4073,635
M4074,0
M4075,889
M4076,545
M4077,808
M4078,0
M4079,143
M4080,1000
M4081,0
M4082,837
M4083,62000
M4084,491
M4085,812
M4086,187
M4087,595
M4088,367
M4089,0
M4090,1000
M4091,131
M4092,0
M4093,0
M4094,0
M4095,217
M4096,417
M4097,0
M4098,430
M4099,0
M4100,0
M4101,11000
M4102,0
M4103,0
M4104,26
M4105,20000
M4106,43000
M4107,0
M4108,37000
M4109,174
M4110,0
M4111,76
M4112,0
M4113,0
M4114,518
M4115,0
M4116,3000
M4117,47
M4118,0
M4119,0
M4120,450
M4121,442
M4122,348
M4123,0
M4124,117
M4125,0
M4126,580
M4127,0
M4128,48
M4129,24000
M4130,54
M4131,448
M4132,433
M4133,0
M4134,2000
M4135,6000
M4136,3000
M4137,32
M4138,406
M4139,395
M4140,398
M4141,37
M4142,56000
M4143,229
M4144,480
M4145,0
M4146,612
M4147,968
M4148,88
M4149,421
M4150,0
M4151,7000
M4152,0
M4153,0
M4154,369
M4155,0
M4156,10000
M4157,0
M4158,14000
M4159,14000
M4160,0
M4161,349
M4162,381
M4163,0
M4164,50
M4165,77
M4166,573
M4167,121
M4168,116
M4169,12000
M4170,0
M4171,17000
M4172,963
M4173,323
M4174,1000
M4175,0
M4176,0
M4177,30
M4178,254
M4179,0
M4180,10000
M4181,0
M4182,0
M4183,3000
M4184,0
M4185,0
M4186,819
M4187,1000
M4188,0
M4189,0
M4190,0
M4191,22000
M4192,39
M4193,500
M4194,774
M4195,430
M4196,13000
M4197,0
M4198,10000
M4199,16
M4200,24000
M4201,588
M4202,144
M4203,0
M4204,140
M4205,0
M4206,0
M4207,560
M4208,0
M4209,19000
M4210,190
M4211,0
M4212,89
M4213,352
M4214,250
M4215,79000
M4216,0
M4217,11000
M4218,0
M4219,144
M4220,566
M4221,500
M4222,438
M4223,279
M4224,0
M4225,0
M4226,3000
M4227,0
M4228,224
M4229,0
M4230,1000
M4231,285
M4232,13000
M4233,77
M4234,68
M4235,452
M4236,172
M4237,107
M4238,870
M4239,0
M4240,0
M4241,0
M4242,305
M4243,15000
M4244,162
M4245,14
M4246,275
M4247,380
M4248,0
M4249,321
M4250,763
M4251,0
M4252,45000
M4253,0
M4254,15000
M4255,0
M4256,0
M4257,0
M4258,0
M4259,0
M4260,39000
M4261,10000
M4262,0
M4263,236
M4264,0
M4265,0
M4266,0
M4267,13000
M4268,11000
M4269,0
M4270,0
M4271,20000
M4272,0
M4273,60
M4274,0
M4275,63000
M4276,0
M4277,0
M4278,0
M4279,0
M4280,134
M4281,0
M4282,558
M4283,0
M4284,0
M4285,0
M4286,32
M4287,0
M4288,0
M4289,43
M4290,0
M4291,0
M4292,592
M4293,495
M4294,166
M4295,974
M4296,739
M4297,857
M4298,17000
M4299,0
M4300,10
M4301,0
M4302,407
M4303,224
M4304,0
M4305,3000
M4306,39
M4307,61
M4308,715
M4309,0
M4310,195
M4311,810
M4312,0
M4313,474
M4314,215
M4315,0
M4316,0
M4317,604
M4318,0
M4319,1000
M4320,205
M4321,0
M4322,0
M4323,0
M4324,0
M4325,0
M4326,115
M4327,44
M4328,1000
M4329,0
M4330,153
M4331,912
M4332,0
M4333,0
M4334,655
M4335,825
M4336,200
M4337,0
M4338,805
M4339,69
M4340,651
M4341,0
M4342,0
M4343,728
M4344,0
M4345,298
M4346,620
M4347,24000
M4348,17000
M4349,0
M4350,104
M4351,39000
M4352,1000
M4353,10000
M4354,0
M4355,213
M4356,1000
M4357,0
M4358,10000
M4359,5000
M4360,18000
M4361,544
M4362,31000
M4363,511
M4364,0
M4365,952
M4366,82
M4367,0
M4368,266
M4369,353
M4370,0
M4371,169
M4372,368
M4373,8
M4374,566
M4375,569
M4376,0
M4377,0
M4378,326
M4379,73
M4380,0
M4381,794
M4382,951
M4383,17000
M4384,374
M4385,869
M4386,16000
M4387,305
M4388,0
M4389,0
M4390,721
M4391,0
M4392,43
M4393,588
M4394,0
M4395,844
M4396,0
M4397,6000
M4398,9
M4399,278
M4400,63
M4401,2000
M4402,7000
M4403,0
M4404,0
M4405,0
M4406,0
M4407,0
M4408,682
M4409,784
M4410,0
M4411,0
M4412,619
M4413,0
M4414,60000
M4415,0
M4416,0
M4417,0
M4418,608
M4419,0
M4420,853
M4421,0
M4422,415
M4423,307
M4424,0
M4425,0
M4426,0
M4427,0
M4428,0
M4429,304
M4430,0
M4431,68
M4432,212
M4433,216
M4434,594
M4435,0
M4436,371
M4437,132
M4438,15000
M4439,10000
M4440,0
M4441,193
M4442,283
M4443,0
M4444,236
M4445,232
M4446,402
M4447,38000
M4448,750
M4449,135
M4450,0
M4451,57
M4452,209
M4453,400
M4454,724
M4455,969
M4456,389
M4457,223
M4458,0
M4459,21000
M4460,32
M4461,533
M4462,5000
M4463,872
M4464,100
M4465,117
M4466,932
M4467,0
M4468,963
M4469,0
M4470,220
M4471,3000
M4472,66
M4473,0
M4474,969
M4475,0
M4476,0
M4477,0
M4478,0
M4479,0
M4480,381
M4481,1000
M4482,0
M4483,632
M4484,447
M4485,2000
M4486,0
M4487,0
M4488,221
M4489,407
M4490,0
M4491,0
M4492,756
M4493,0
M4494,10000
M4495,0
M4496,0
M4497,19000
M4498,548
M4499,20000
M4500,0
M4501,0
M4502,27
M4503,5000
M4504,87
M4505,754
M4506,75
M4507,480
M4508,636
M4509,204
M4510,161
M4511,238
M4512,0
M4513,477
M4514,479
M4515,242
M4516,0
M4517,0
M4518,954
M4519,241
M4520,51
M4521,131
M4522,0
M4523,0
M4524,51000
M4525,444
M4526,200
M4527,23000
M4528,0
M4529,773
M4530,0
M4531,0
M4532,234
M4533,7000
M4534,328
M4535,13000
M4536,35000
M4537,0
M4538,5000
M4539,24000
M4540,0
M4541,0
M4542,816
M4543,339
M4544,25000
M4545,0
M4546,12000
M4547,0
M4548,365
M4549,0
M4550,624
M4551,0
M4552,12000
M4553,75
M4554,11000
M4555,37000
M4556,0
M4557,392
M4558,10000
M4559,0
M4560,0
M4561,0
M4562,0
M4563,14000
M4564,387
M4565,227
M4566,0
M4567,0
M4568,671
M4569,0
M4570,35000
M4571,603
M4572,100
M4573,92
M4574,0
M4575,0
M4576,571
M4577,166
M4578,115
M4579,24
M4580,0
M4581,0
M4582,11000
M4583,32000
M4584,150
M4585,16000
M4586,20000
M4587,0
M4588,587
M4589,32
M4590,25
M4591,0
M4592,0
M4593,706
M4594,31
M4595,0
M4596,0
M4597,157
M4598,27
M4599,43
M4600,210
M4601,143
M4602,244
M4603,793
M4604,0
M4605,17
M4606,128
M4607,42
M4608,47
M4609,0
M4610,259
M4611,501
M4612,903
M4613,138
M4614,297
M4615,32
M4616,141
M4617,599
M4618,3
M4619,0
M4620,150
M4621,68
M4622,370
M4623,41
M4624,54
M4625,0
M4626,968
M4627,91
M4628,48
M4629,936
M4630,0
M4631,212
M4632,23000
M4633,785
M4634,2000
M4635,57
M4636,884
M4637,42
M4638,489
M4639,0
M4640,995
M4641,14000
M4642,52
M4643,12000
M4644,698
M4645,0
M4646,17000
M4647,0
M4648,0
M4649,337
M4650,12000
M4651,0
M4652,24
M4653,181
M4654,0
M4655,0
M4656,409
M4657,933
M4658,549
M4659,312
M4660,48000
M4661,33
M4662,0
M4663,81
M4664,219
M4665,926
M4666,18
M4667,83
M4668,130
M4669,396
M4670,4
M4671,0
M4672,23000
M4673,1000
M4674,14
M4675,0
M4676,274
M4677,307
M4678,31000
M4679,614
M4680,0
M4681,0
M4682,0
M4683,0
M4684,163
M4685,0
M4686,2000
M4687,128
M4688,3000
M4689,0
M4690,903
M4691,1000
M4692,420
M4693,523
M4694,303
M4695,0
M4696,0
M4697,0
M4698,102
M4699,161
M4700,158
M4701,0
M4702,203
M4703,5
M4704,1000
M4705,0
M4706,0
M4707,1000
M4708,0
M4709,0
M4710,0
M4711,12
M4712,11
M4713,51
M4714,358
M4715,34
M4716,32
M4717,9
M4718,36
M4719,128
M4720,0
M4721,88
M4722,7
M4723,18
M4724,0
M4725,126
M4726,816
M4727,0
M4728,244
M4729,0
M4730,588
M4731,0
M4732,0
M4733,694
M4734,491
M4735,43
M4736,0
M4737,287
M4738,0
M4739,44
M4740,180
M4741,1000
M4742,51
M4743,139
M4744,86
M4745,238
M4746,0
M4747,590
M4748,11000
M4749,0
M4750,344
M4751,155
M4752,46000
M4753,26000
M4754,60
M4755,183
M4756,19000
M4757,29
M4758,339
M4759,898
M4760,23
M4761,808
M4762,22
M4763,0
M4764,0
M4765,16
M4766,0
M4767,0
M4768,337
M4769,353
M4770,0
M4771,701
M4772,126
M4773,381
M4774,707
M4775,70
M4776,0
M4777,44
M4778,9
M4779,60000
M4780,0
M4781,123
M4782,0
M4783,62
M4784,0
M4785,0
M4786,31
M4787,439
M4788,460
M4789,865
M4790,0
M4791,61
M4792,0
M4793,0
M4794,12000
M4795,0
M4796,14000
M4797,426
M4798,39
M4799,0
M4800,754
M4801,638
M4802,194
M4803,2000
M4804,526
M4805,0
M4806,166
M4807,0
M4808,7
M4809,12
M4810,0
M4811,691
M4812,672
M4813,167
M4814,12000
M4815,0
M4816,111
M4817,0
M4818,583
M4819,70
M4820,17000
M4821,240
M4822,12000
M4823,40000
M4824,675
M4825,0
M4826,13000
M4827,0
M4828,121
M4829,0
M4830,166
M4831,0
M4832,29
M4833,594
M4834,0
M4835,92
M4836,2000
M4837,50
M4838,379
M4839,363
M4840,26
M4841,30
M4842,53
M4843,14000
M4844,175
M4845,0
M4846,261
M4847,4
M4848,7
M4849,114
M4850,249
M4851,0
M4852,0
M4853,0
M4854,169
M4855,16
M4856,661
M4857,423
M4858,170
M4859,133
M4860,17
M4861,11000
M4862,46
M4863,178
M4864,98
M4865,12000
M4866,85
M4867,93
M4868,62
M4869,0
M4870,10000
M4871,122
M4872,773
M4873,14000
M4874,67
M4875,777
M4876,141
M4877,11000
M4878,0
M4879,0
M4880,76
M4881,53
M4882,519
M4883,515
M4884,71
M4885,199
M4886,226
M4887,72
M4888,231
M4889,22000
M4890,244
M4891,801
M4892,72
M4893,17
M4894,465
M4895,0
M4896,10000
M4897,0
M4898,0
M4899,328
M4900,30
M4901,0
M4902,569
M4903,2000
M4904,96
M4905,26
M4906,29000
M4907,198
M4908,47
M4909,0
M4910,443
M4911,267
M4912,44
M4913,863
M4914,0
M4915,46000
M4916,246
M4917,90
M4918,83
M4919,38
M4920,142
M4921,66
M4922,0
M4923,0
M4924,406
M4925,88
M4926,34
M4927,21000
M4928,0
M4929,566
M4930,65
M4931,132
M4932,26000
M4933,73
M4934,0
M4935,0
M4936,197
M4937,0
M4938,0
M4939,215
M4940,207
M4941,116
M4942,667
M4943,0
M4944,72
M4945,0
M4946,54
M4947,14
M4948,3000
M4949,0
M4950,377
M4951,377
M4952,0
M4953,187
M4954,0
M4955,0
M4956,0
M4957,0
M4958,0
M4959,0
M4960,471
M4961,0
M4962,157
M4963,0
M4964,178
M4965,0
M4966,0
M4967,246
M4968,10
M4969,17
M4970,65
M4971,82
M4972,0
M4973,110
M4974,24000
M4975,97
M4976,30
M4977,34
M4978,0
M4979,0
M4980,812
M4981,1000
M4982,182
M4983,209
M4984,3000
M4985,265
M4986,1000
M4987,114
M4988,0
M4989,284
M4990,2
M4991,5
M4992,0
M4993,33
M4994,10000
M4995,83
M4996,234
M4997,72
M4998,451
M4999,0
M5000,87
M5001,239
M5002,0
M5003,225
M5004,377
M5005,13
M5006,91
M5007,48
M5008,535
M5009,0
M5010,85
M5011,108
M5012,489
M5013,10000
M5014,61
M5015,0
M5016,2000
M5017,33
M5018,200
M5019,725
M5020,0
M5021,33
M5022,297
M5023,45
M5024,324
M5025,835
M5026,0
M5027,171
M5028,697
M5029,105
M5030,817
M5031,22
M5032,424
M5033,20
M5034,19000
M5035,74
M5036,0
M5037,4
M5038,413
M5039,84
M5040,32000
M5041,16
M5042,660
M5043,456